{
    "bedrock_floor_position": 0,
    "sea_level": 63,
    "disable_mob_generation": true,
    "noise_caves_enabled": false,
    "noodle_caves_enabled": false,
    "aquifers_enabled": false,
    "ore_veins_enabled": false,
    "legacy_random_source": true,
    "default_block": {
      "Name": "minecraft:sand"
    },
    "default_fluid": {
        "Name": "minecraft:water"
    },
    "noise": {
      "min_y": -64,
      "height": 384,
      "size_horizontal": 1,
      "size_vertical": 1,
      "sampling": {
        "xz_scale": 0.9999999814507745,
        "y_scale": 0.9999999814507745,
        "xz_factor": 80,
        "y_factor": 160
      },
      "bottom_slide": {
        "target": -30,
        "size": 0,
        "offset": 0
      },
      "top_slide": {
        "target": -10,
        "size": 3,
        "offset": 0
      },
      "terrain_shaper": {
        "offset": 0,
        "factor": 0,
        "jaggedness": 0
      }
    },
    "surface_rule": {
      "type": "minecraft:sequence",
      "sequence": []
    },
    "structures": {
      "structures": {}
    }
  }
  