{
	"replace": false,
    "origins": [
        {
            "condition": {
                "type": "origins:origin",
                "origin": "usernull:titan",
                "layer": "origins:origin"
            },
            "origins": [
                "usernull:attack",
                "usernull:female",
                "usernull:armor",
                "usernull:colossal",
                "usernull:random"
            ]
        },
        {
            "condition": {
                "type": "origins:origin",
                "origin": "usernull:titan",
                "layer": "origins:origin",
                "inverted": true
            },
            "origins": [
                "origins:human"
            ]
        }
    ],
	"allow_random": false,
	"allow_random_unchoosable": false,
    "order": 10,
    "auto_choose": true,
    "name": "Titan"
}