{
	"powers": [
		"usernull:titan_shift_female",
		"usernull:titan_bite",
		"usernull:titan_resource",
		"usernull:titan_toggle",
		"usernull:titan_exhaust",
		"usernull:titan_emerge",
		"usernull:titan_break",
		"usernull:titan_regeneration",
		"usernull:titan_regeneration2",
		"usernull:titan_body",
		"usernull:titan_jump",
		"usernull:titan_untag",
		"usernull:player_crystal",
		"usernull:player_crystal_end",
		"usernull:titan_body2",
		"usernull:female_harden",
		"usernull:female_harden_loop",
		"usernull:female_harden_loop2",
		"usernull:female_harden_cooldown",
		"usernull:titan_disabled",
		"usernull:config_no_shift_cooldown",
		"origins:more_exhaustion"
	],
	"icon": "minecraft:bone_meal",
	"order": 4,
	"impact": 2,
	"name": "Female Titan",
	"description": "Subject of Ymir, Devil of Paradis, Monster. You have been called many things, but one thing is for certain: You hold the Power of The Titans."
}