{
	"powers": [
		"usernull:titan_shift_founding",
		"usernull:pure_transform",
		"usernull:founding_size",
		"usernull:titan_bite",
		"usernull:titan_resource",
		"usernull:titan_toggle",
		"usernull:titan_exhaust",
		"usernull:titan_emerge",
		"usernull:titan_break",
		"usernull:titan_regeneration",
		"usernull:titan_regeneration2",
		"usernull:titan_body",
		"usernull:titan_jump",
		"usernull:titan_untag",
		"usernull:titan_body2",
		"usernull:titan_disabled",
		"usernull:config_no_shift_cooldown",
		"origins:more_exhaustion"
	],
	"icon": "minecraft:bone_meal",
	"order": 4,
	"impact": 3,
	"unchoosable": true,
	"name": "§6Founding Titan§r",
	"description": "Founder, The First Titan, Coordinate. You have been called many things, but one thing is for certain: You hold the greatest Power out of all the Titans."
}