{
  "effects": {
    "mood_sound": {
      "sound": "minecraft:ambient.warped_forest.additions",
      "tick_delay": 6000,
      "block_search_extent": 8,
      "offset": 2
    },
    "sky_color": 88313,
    "fog_color": 12638463,
    "water_color": 16777215,
    "water_fog_color": 0,
    "foliage_color": 4568458,
    "grass_color": 5807332,
    "ambient_sound": "minecraft:ambient.soul_sand_valley.loop",
    "particle": {
      "options": {
        "type": "minecraft:dripping_water"
      },
      "probability": 0.015
    }
  },
  "carvers": {
    "air": []
  },
  "starts": [],
  "features": [
    [
      "minecraft:disk_sand"
    ],
    [
      "minecraft:disk_sand"
    ],
    [
      "minecraft:disk_sand"
    ],
    [],
    [],
    [],
    [
      "minecraft:ore_lapis"
    ],
    [],
    [],
    []
  ],
  "spawners": {
    "ambient": [],
    "creature": [],
    "misc": [],
    "monster": [],
    "water_ambient": [],
    "water_creature": []
  },
  "category": "ocean",
  "precipitation": "none",
  "surface_builder": "usernull:path",
  "scale": 0.01,
  "downfall": 0.4,
  "depth": 0.12,
  "temperature": 0.8,
  "player_spawn_friendly": true,
  "spawn_costs": {},
  "creature_spawn_probability": 0
}