{
	"powers": [
		"usernull:titan_shift_armor",
		"usernull:titan_bite",
		"usernull:titan_resource",
		"usernull:titan_toggle",
		"usernull:titan_exhaust",
		"usernull:titan_emerge",
		"usernull:titan_break",
		"usernull:titan_regeneration",
		"usernull:titan_regeneration2",
		"usernull:titan_body",
		"usernull:titan_jump",
		"usernull:titan_untag",
		"usernull:titan_body2",
		"usernull:armor_shed",
		"usernull:armor_hands",
		"origins:more_exhaustion"
	],
	"icon": "minecraft:bone_meal",
	"order": 4,
	"impact": 2,
	"name": "Armored Titan",
	"description": "Subject of Ymir, Devil of Paradis, Monster. You have been called many things, but one thing is for certain: You hold the Power of The Titans."
}