{
	"powers": [
		"usernull:titan_shift_colossal",
        "usernull:titan_shift_colossal_nuke",
		"usernull:titan_bite",
		"usernull:titan_resource",
		"usernull:titan_toggle",
		"usernull:titan_exhaust",
		"usernull:colossal_steam",
		"usernull:colossal_steam_loop",
		"usernull:steam_resource",
		"usernull:titan_emerge_colossal",
		"usernull:titan_emerge_colossal_loop",
		"usernull:colossal_dummy",
		"usernull:titan_break",
		"usernull:titan_regeneration",
		"usernull:titan_regeneration2_colossal",
		"usernull:titan_body",
		"usernull:titan_jump",
		"usernull:titan_untag",
		"usernull:titan_body2",
		"usernull:colossal_break",
		"origins:more_exhaustion"
	],
	"icon": "minecraft:bone_meal",
	"order": 4,
	"impact": 2,
	"unchoosable": true,
	"name": "Colossal Titan",
	"description": "Subject of Ymir, Devil of Paradis, Monster. You have been called many things, but one thing is for certain: You hold the Power of The Titans."
}