{
    "type": "origins:active_self",
    "entity_action": {
        "type": "origins:execute_command",
        "command": "function usernull:colossal_steam_start",
        "permission_level": 4
    },
    "cooldown": 0,
    "hud_render": {
        "should_render": false
    },
    "condition": {
        "type": "origins:and",
        "conditions": [
        {
            "type": "origins:resource",
            "resource": "usernull:titan_toggle",
            "comparison": "==",
            "compare_to": 1
        },
        {
            "type": "origins:resource",
            "resource": "usernull:steam_resource",
            "comparison": "==",
            "compare_to": 0
        },
        {
            "type": "origins:sneaking"
        }
        ]
    },
    "key": {
        "key": "key.origins.secondary_active"
    },
    "name": "Right Up To The End",
    "description": "While transformed, you can sneak and press Secondary to burn your body and let out tons of steam, damaging anything nearby. While doing so, you are immobilized, and you slowly start to get skinnier. After a little while of letting out steam, your Titan disappears as you eject from it in a puff of smoke."
}