{
    "type": "origins:multiple",
    "hidden": true,
    "attack": {
        "type": "origins:action_over_time",
        "interval": 1,
        "condition": {
            "type": "origins:and",
            "conditions": [
                {
                    "type": "origins:origin",
                    "origin": "usernull:attack",
                    "layer": "origins:titan"
                },
                {
                    "type": "origins:command",
                    "command": "scoreboard players get TitanConfig Titan_ShiftCooldown",
                    "comparison": "==",
                    "compare_to": 0
                },
                {
                    "type": "origins:command",
                    "command": "execute if entity @s[tag=titan]",
                    "comparison": "==",
                    "compare_to": 0
                }
            ]
        },
        "entity_action": {
            "type": "origins:and",
            "actions": [
                {
                    "type": "origins:execute_command",
                    "command": "resource set @s usernull:titan_shift_normal 6000",
                    "permission_level": 4
                },
                {
                    "type": "origins:execute_command",
                    "command": "resource set @s usernull:titan_shift_fast 6000",
                    "permission_level": 4
                }
            ]
        }
    },
    "female": {
        "type": "origins:action_over_time",
        "interval": 1,
        "condition": {
            "type": "origins:and",
            "conditions": [
                {
                    "type": "origins:origin",
                    "origin": "usernull:female",
                    "layer": "origins:titan"
                },
                {
                    "type": "origins:command",
                    "command": "scoreboard players get TitanConfig Titan_ShiftCooldown",
                    "comparison": "==",
                    "compare_to": 0
                },
                {
                    "type": "origins:command",
                    "command": "execute if entity @s[tag=titan]",
                    "comparison": "==",
                    "compare_to": 0
                },
                {
                    "type": "origins:resource",
                    "resource": "usernull:titan_shift_female_normal",
                    "comparison": "!=",
                    "compare_to": 6000
                },
                {
                    "type": "origins:resource",
                    "resource": "usernull:titan_shift_female_fast",
                    "comparison": "!=",
                    "compare_to": 6000
                }
            ]
        },
        "entity_action": {
            "type": "origins:and",
            "actions": [
                {
                    "type": "origins:execute_command",
                    "command": "resource set @s usernull:titan_shift_female_normal 6000",
                    "permission_level": 4
                },
                {
                    "type": "origins:execute_command",
                    "command": "resource set @s usernull:titan_shift_female_fast 6000",
                    "permission_level": 4
                }
            ]
        }
    },
    "armor": {
        "type": "origins:action_over_time",
        "interval": 1,
        "condition": {
            "type": "origins:and",
            "conditions": [
                {
                    "type": "origins:origin",
                    "origin": "usernull:armor",
                    "layer": "origins:titan"
                },
                {
                    "type": "origins:command",
                    "command": "scoreboard players get TitanConfig Titan_ShiftCooldown",
                    "comparison": "==",
                    "compare_to": 0
                },
                {
                    "type": "origins:command",
                    "command": "execute if entity @s[tag=titan]",
                    "comparison": "==",
                    "compare_to": 0
                },
                {
                    "type": "origins:resource",
                    "resource": "usernull:titan_shift_armor_normal",
                    "comparison": "!=",
                    "compare_to": 6000
                },
                {
                    "type": "origins:resource",
                    "resource": "usernull:titan_shift_armor_fast",
                    "comparison": "!=",
                    "compare_to": 6000
                }
            ]
        },
        "entity_action": {
            "type": "origins:and",
            "actions": [
                {
                    "type": "origins:execute_command",
                    "command": "resource set @s usernull:titan_shift_armor_normal 6000",
                    "permission_level": 4
                },
                {
                    "type": "origins:execute_command",
                    "command": "resource set @s usernull:titan_shift_armor_fast 6000",
                    "permission_level": 4
                }
            ]
        }
    },
    "colossal": {
        "type": "origins:action_over_time",
        "interval": 1,
        "condition": {
            "type": "origins:and",
            "conditions": [
                {
                    "type": "origins:origin",
                    "origin": "usernull:colossal",
                    "layer": "origins:titan"
                },
                {
                    "type": "origins:command",
                    "command": "scoreboard players get TitanConfig Titan_ShiftCooldown",
                    "comparison": "==",
                    "compare_to": 0
                },
                {
                    "type": "origins:command",
                    "command": "execute if entity @s[tag=titan]",
                    "comparison": "==",
                    "compare_to": 0
                },
                {
                    "type": "origins:resource",
                    "resource": "usernull:titan_shift_colossal",
                    "comparison": "!=",
                    "compare_to": 6000
                },
                {
                    "type": "origins:resource",
                    "resource": "usernull:titan_shift_colossal_nuke",
                    "comparison": "!=",
                    "compare_to": 6000
                }
            ]
        },
        "entity_action": {
            "type": "origins:and",
            "actions": [
                {
                    "type": "origins:execute_command",
                    "command": "resource set @s usernull:titan_shift_colossal 6000",
                    "permission_level": 4
                },
                {
                    "type": "origins:execute_command",
                    "command": "resource set @s usernull:titan_shift_colossal_nuke 12000",
                    "permission_level": 4
                }
            ]
        }
    },
    "founding": {
        "type": "origins:action_over_time",
        "interval": 1,
        "condition": {
            "type": "origins:and",
            "conditions": [
                {
                    "type": "origins:origin",
                    "origin": "usernull:founding",
                    "layer": "origins:titan"
                },
                {
                    "type": "origins:command",
                    "command": "scoreboard players get TitanConfig Titan_ShiftCooldown",
                    "comparison": "==",
                    "compare_to": 0
                },
                {
                    "type": "origins:command",
                    "command": "execute if entity @s[tag=titan]",
                    "comparison": "==",
                    "compare_to": 0
                },
                {
                    "type": "origins:resource",
                    "resource": "usernull:titan_shift_founding_normal",
                    "comparison": "!=",
                    "compare_to": 6000
                },
                {
                    "type": "origins:resource",
                    "resource": "usernull:titan_shift_founding_fast",
                    "comparison": "!=",
                    "compare_to": 6000
                }
            ]
        },
        "entity_action": {
            "type": "origins:and",
            "actions": [
                {
                    "type": "origins:execute_command",
                    "command": "resource set @s usernull:titan_shift_founding_normal 6000",
                    "permission_level": 4
                },
                {
                    "type": "origins:execute_command",
                    "command": "resource set @s usernull:titan_shift_founding_fast 6000",
                    "permission_level": 4
                }
            ]
        }
    }
}