{
    "type": "origins:multiple",
    "up": {
        "type": "origins:active_self",
        "condition": {
            "type": "origins:and",
            "conditions": [
                {
                    "type": "origins:resource",
                    "resource": "usernull:titan_toggle",
                    "comparison": "==",
                    "compare_to": 1
                },
                {
                    "type": "origins:resource",
                    "resource": "usernull:founding_size_down",
                    "comparison": "==",
                    "compare_to": 0
                }
            ]
        },
        "cooldown": 60,
        "key": {
            "key": "key.loadToolbarActivator"
        },
        "entity_action": {
            "type": "origins:and",
            "actions": [
                {
                    "type": "origins:execute_command",
                    "command": "scale multiply pehkui:height 2",
                    "permission_level": 4
                },
                {
                    "type": "origins:execute_command",
                    "command": "scale multiply pehkui:width 2",
                    "permission_level": 4
                },
                {
                    "type": "origins:execute_command",
                    "command": "scale multiply pehkui:motion 1.3",
                    "permission_level": 4
                },
                {
                    "type": "origins:execute_command",
                    "command": "particle minecraft:dust 1 1 1 1 ~ ~ ~ 5 20 5 10 10000 normal",
                    "permission_level": 4
                }
            ]
        },
        "hud_render": {
            "should_render": true,
            "sprite_location": "origins:textures/gui/community/spiderkolo/resource_bar_03.png",
            "bar_index": 16
        }
    },
    "down": {
        "type": "origins:active_self",
        "condition": {
            "type": "origins:and",
            "conditions": [
                {
                    "type": "origins:resource",
                    "resource": "usernull:titan_toggle",
                    "comparison": "==",
                    "compare_to": 1
                },
                {
                    "type": "origins:resource",
                    "resource": "usernull:founding_size_up",
                    "comparison": "==",
                    "compare_to": 0
                }
            ]
        },
        "cooldown": 60,
        "key": {
            "key": "key.saveToolbarActivator"
        },
        "entity_action": {
            "type": "origins:and",
            "actions": [
                {
                    "type": "origins:execute_command",
                    "command": "scale divide pehkui:height 2",
                    "permission_level": 4
                },
                {
                    "type": "origins:execute_command",
                    "command": "scale divide pehkui:width 2",
                    "permission_level": 4
                },
                {
                    "type": "origins:execute_command",
                    "command": "scale divide pehkui:motion 1.3",
                    "permission_level": 4
                },
                {
                    "type": "origins:execute_command",
                    "command": "particle minecraft:dust 1 1 1 1 ~ ~ ~ 5 20 5 10 10000 normal",
                    "permission_level": 4
                }
            ]
        },
        "hud_render": {
            "should_render": true,
            "sprite_location": "origins:textures/gui/community/spiderkolo/resource_bar_03.png",
            "bar_index": 17
        }
    },
    "name": "No Restrictions",
    "description": "Due to your strong connections with the Paths, you can alter the size of your Titan with save/load hotbar activators, however, untransforming will revert the Titan's skeleton back to normal."
}