{
    "type": "origins:multiple",
    "single": {
        "type": "origins:active_self",
        "condition": {
            "type": "origins:and",
            "conditions": [
                {
                    "type": "origins:resource",
                    "resource": "usernull:titan_toggle",
                    "comparison": "==",
                    "compare_to": 0
                }
            ]
        },
        "cooldown": 60,
        "key": {
            "key": "key.saveToolbarActivator"
        },
        "entity_action": {
            "type": "origins:if_else",
            "condition": {
                "type": "origins:dimension",
                "dimension": "minecraft:overworld"
            },
            "if_action": {
                "type": "origins:and",
                "actions": [
                    {
                        "type": "origins:execute_command",
                        "command": "execute in usernull:the_path run tp @s ~ ~ ~ ~ ~",
                        "permission_level": 4
                    },
                    {
                        "type": "origins:delay",
                        "ticks": 10,
                        "action": {
                            "type": "origins:execute_command",
                            "command": "function usernull:enter_path",
                            "permission_level": 4
                        }
                    }
                ]
            },
            "else_action": {
                "type": "origins:if_else",
                "condition": {
                    "type": "origins:dimension",
                    "dimension": "usernull:the_path"
                },
                "if_action": {
                    "type": "origins:and",
                    "actions": [
                        {
                            "type": "origins:execute_command",
                            "command": "execute in minecraft:overworld run tp @s ~ ~ ~ ~ ~",
                            "permission_level": 4
                        },
                        {
                            "type": "origins:execute_command",
                            "command": "fill ~ ~ ~ ~ ~1 ~ air destroy",
                            "permission_level": 4
                        }
                    ]
                } 
            }
        },
        "hud_render": {
            "should_render": true,
            "sprite_location": "origins:textures/gui/community/huang/resource_bar_01.png",
            "bar_index": 0
        }
    },
    "multiple": {
        "type": "origins:active_self",
        "condition": {
            "type": "origins:and",
            "conditions": [
                {
                    "type": "origins:resource",
                    "resource": "usernull:titan_toggle",
                    "comparison": "==",
                    "compare_to": 0
                }
            ]
        },
        "cooldown": 60,
        "key": {
            "key": "key.loadToolbarActivator"
        },
        "entity_action": {
            "type": "origins:if_else",
            "condition": {
                "type": "origins:dimension",
                "dimension": "minecraft:overworld"
            },
            "if_action": {
                "type": "origins:and",
                "actions": [
                    {
                        "type": "origins:execute_command",
                        "command": "execute as @a[distance=..10] at @s run tag @s add InPath",
                        "permission_level": 4
                    },
                    {
                        "type": "origins:execute_command",
                        "command": "execute as @a[distance=..10] at @s run execute in usernull:the_path run tp @s ~ ~ ~ ~ ~",
                        "permission_level": 4
                    },
                    {
                        "type": "origins:execute_command",
                        "command": "execute as @a[distance=..10] at @s run particle minecraft:glow ~ ~ ~ 0.1 0.5 0.1 1 100 force",
                        "permission_level": 4
                    },
                    {
                        "type": "origins:execute_command",
                        "command": "execute as @a[distance=..10] at @s run particle minecraft:flash ~ ~1 ~ 0.1 0.1 0.1 1 100 force",
                        "permission_level": 4
                    },
                    {
                        "type": "origins:delay",
                        "ticks": 10,
                        "action": {
                            "type": "origins:execute_command",
                            "command": "execute as @a[distance=..10] at @s run function usernull:enter_path",
                            "permission_level": 4
                        }
                    },
                    {
                        "type": "origins:delay",
                        "ticks": 6000,
                        "action": {
                            "type": "origins:execute_command",
                            "command": "execute as @a[tag=InPath] run function usernull:leave_path",
                            "permission_level": 4
                        }
                    }
                ]
            },
            "else_action": {
                "type": "origins:if_else",
                "condition": {
                    "type": "origins:dimension",
                    "dimension": "usernull:the_path"
                },
                "if_action": {
                    "type": "origins:and",
                    "actions": [
                        {
                            "type": "origins:execute_command",
                            "command": "execute as @a[distance=..10] at @s run execute in minecraft:overworld run tp @s ~ ~ ~ ~ ~",
                            "permission_level": 4
                        },
                        {
                            "type": "origins:execute_command",
                            "command": "execute as @a[distance=..10] at @s run particle minecraft:glow ~ ~ ~ 0.1 0.5 0.1 1 100 force",
                            "permission_level": 4
                        },
                        {
                            "type": "origins:execute_command",
                            "command": "execute as @a[distance=..10] at @s run particle minecraft:flash ~ ~1 ~ 0.1 0.1 0.1 1 100 force",
                            "permission_level": 4
                        },
                        {
                            "type": "origins:delay",
                            "ticks": 10,
                            "action": {
                                "type": "origins:execute_command",
                                "command": "execute as @a[distance=..10] at @s run function usernull:leave_path",
                                "permission_level": 4
                            }
                        }
                    ]
                } 
            }
        },
        "hud_render": {
            "should_render": true,
            "sprite_location": "origins:textures/gui/community/huang/resource_bar_02.png",
            "bar_index": 19
        }
    },
    "name": "The Paths",
    "description": "You have access to the world of the path, a dimension that transcends physical space and time. With Save Hotbar Key, you can transport yourself to and from the Overworld and the Paths. With Load Hotbar key, you can do the same, but include other players in the transportation."
}