{
	"type": "origins:active_self",
	"entity_action":{
		"type": "origins:if_else",
		"condition": {
			"type": "origins:command",
			"command": "execute if score @s isCrystalized matches 1",
			"comparison": "==",
			"compare_to": 1
		},
		"if_action":{
			"type": "origins:execute_command",
			"command": "function usernull:player_crystal_end"
		}
	},
	"hidden": true,
	"cooldown": 0,
	"key": {
        "key": "key.sneak"
    },
	"hud_render": {
		"should_render": false
    }
}