{
    "type": "origins:multiple",
    "resource": {
        "type": "origins:resource",
        "min": 0,
        "max": 3000,
        "start_value": 3000,
        "hud_render": {
            "should_render": true,
            "sprite_location": "origins:textures/gui/community/spiderkolo/resource_bar_03.png",
            "bar_index": 9
        }
    },
    "transform": {
        "type": "origins:action_over_time",
        "condition": {
            "type": "origins:resource",
            "resource": "usernull:pure_transformation_resource",
            "compare_to": "1",
            "comparison": "!="
        },
        "rising_action": {
            "type": "origins:execute_command",
            "command": "function usernull:strike_pure",
            "permission_level": 4
        },
        "falling_action": {
            "type": "origins:and",
            "actions": [
                {
                    "type": "origins:execute_command",
                    "command": "function usernull:emerge_pure",
                    "permission_level": 4
                },
                {
                    "type": "origins:delay",
                    "ticks": 5,
                    "action": {
                        "type": "origins:and",
                        "actions": [
                            {      
                                "type": "origins:execute_command",
                                "command": "kill @e[type=item,distance=..5,name=\"String\"]",
                                "permission_level": 4
                            }
                        ]
                    }
                },
                {
                    "type": "origins:delay",
                    "ticks": 200,
                    "action": {
                        "type": "origins:and",
                        "actions": [
                            {      
                                "type": "origins:execute_command",
                                "command": "tp @e[tag=titan_corpse] ~ ~-1000 ~",
                                "permission_level": 4
                            }
                        ]
                    }
                }
            ]
        },
        "entity_action": {
            "type": "origins:and",
            "actions": [
                {
                    "type": "origins:execute_command",
                    "command": "resource change @s usernull:pure_transformation_resource -1",
                    "permission_level": 4
                },
                {
                    "type": "origins:execute_command",
                    "command": "tp @s @e[tag=PureTitanAI,limit=1,sort=nearest]",
                    "permission_level": 4
                },
                {
                    "type": "origins:execute_command",
                    "command": "data modify entity @e[tag=PureTitanAI,limit=1,sort=nearest] Fire set value 0s",
                    "permission_level": 4
                },
                {
                    "type": "origins:if_else",
                    "condition": {
                        "type": "origins:health",
                        "comparison": "==",
                        "compare_to": 0
                    },
                    "if_action": {
                        "type": "origins:and",
                        "actions": [
                            {
                                "type": "origins:execute_command",
                                "command": "function usernull:emerge_pure",
                                "permission_level": 4
                            },
                            {
                                "type": "origins:delay",
                                "ticks": 200,
                                "action": {
                                    "type": "origins:and",
                                    "actions": [
                                        {      
                                            "type": "origins:execute_command",
                                            "command": "tp @e[tag=titan_corpse] ~ ~-1000 ~",
                                            "permission_level": 4
                                        }
                                    ]
                                }
                            }
                        ]
                    }
                }
            ]
        },
        "interval": 1
    },
    "overlay": {
        "type": "origins:overlay",
        "texture": "minecraft:textures/block/red_concrete_powder.png",
        "strength": 0.99,
        "red": 1.0,
        "green": 0.5,
        "blue": 0.5,
        "draw_mode": "texture",
        "draw_phase": "above_hud",
        "hide_with_hud": false,
        "visible_in_third_person": true
    },
    "overlay2": {
        "type": "origins:overlay",
        "texture": "minecraft:textures/block/red_concrete_powder.png",
        "strength": 1.0,
        "red": 1.0,
        "green": 1.0,
        "blue": 1.0,
        "draw_mode": "nausea",
        "draw_phase": "above_hud",
        "hide_with_hud": false,
        "visible_in_third_person": true
    }
}