{
    "type": "origins:multiple",
    "transform": {
        "type": "origins:active_self",
        "key": {
            "key": "key.origins.secondary_active"
        },
        "entity_action": {
            "type": "origins:and",
            "actions": [
                {
                    "type": "origins:execute_command",
                    "command": "function usernull:pure_transform",
                    "permission_level": 4
                },
                {
                    "type": "origins:delay",
                    "ticks": 20,
                    "action": {
                        "type": "origins:and",
                        "actions": [
                            {
                                "type": "origins:execute_command",
                                "command": "summon lightning_bolt ~ ~-10 ~",
                                "permission_level": 4
                            },
                            {
                                "type": "origins:execute_command",
                                "command": "particle minecraft:cloud ~ ~ ~ 0.1 0.1 0.1 10 10000 normal",
                                "permission_level": 4
                            },
                            {
                                "type": "origins:execute_command",
                                "command": "particle minecraft:dust 0 0 1 1 ~ ~ ~ 1 1 1 10 10000 normal",
                                "permission_level": 4
                            }
                        ]
                    }
                },
                {
                    "type": "origins:delay",
                    "ticks": 40,
                    "action": {
                        "type": "origins:and",
                        "actions": [
                            {
                                "type": "origins:execute_command",
                                "command": "particle minecraft:glow ~ ~1 ~ 0.1 0.1 0.1 1 100 force",
                                "permission_level": 4
                            },
                            {
                                "type": "origins:execute_command",
                                "command": "particle minecraft:cloud ~ ~ ~ 0.1 0.1 0.1 10 10000 normal",
                                "permission_level": 4
                            }
                        ]
                    }
                }
            ]
        },
        "cooldown": 12000,
        "hud_render": {
            "should_render": "true",
            "sprite_location": "origins:textures/gui/community/huang/resource_bar_01.png",
            "bar_index": 14
        }
    },
    "overlay": {
        "type": "origins:overlay",
        "texture": "minecraft:textures/block/blue_concrete_powder.png",
        "strength": 0.5,
        "red": 0.5,
        "green": 0.5,
        "blue": 1.0,
        "draw_mode": "texture",
        "draw_phase": "above_hud",
        "hide_with_hud": false,
        "visible_in_third_person": false,
        "condition": {
            "type": "origins:resource",
            "resource": "usernull:pure_transform_transform",
            "comparison": ">",
            "compare_to": 11970
        }
    },
    "overlay2": {
        "type": "origins:overlay",
        "texture": "minecraft:textures/block/blue_concrete_powder.png",
        "strength": 0.1,
        "red": 0.5,
        "green": 0.5,
        "blue": 1.0,
        "draw_mode": "texture",
        "draw_phase": "above_hud",
        "hide_with_hud": false,
        "visible_in_third_person": false,
        "condition": {
            "type": "origins:resource",
            "resource": "usernull:pure_transform_transform",
            "comparison": ">",
            "compare_to": 11950
        }
    },
    "name": "Pure Transformation",
    "description": "You can transform any player within 150 blocks into a Pure Titan. These players will have no control over the titan, and when 2 and a half minutes are up, they will be ejected, leaving behind a quick to dissolve skeleton. Titan Shifters, however, can resist this forced transformation using the power of their own Titan."
}