{
  "type": "origins:action_on_callback",
  "entity_action_chosen": {
        "type": "origins:choice",
        "actions": [
          {
            "element": {
              "type": "origins:if_else",
              "condition": {
                "type": "origins:command",
                "command": "scoreboard players get TitanConfig Titan_CanSelectAttack",
                "comparison": "==",
                "compare_to": 1
              },
              "if_action": {
                "type": "origins:execute_command",
                "command": "origin set @s origins:titan usernull:attack",
                "permission_level": 4
              },
              "else_action": {
                "type": "origins:and",
                "actions": [
                  {
                    "type": "origins:execute_command",
                    "command": "origin set @s origins:titan origins:human",
                    "permission_level": 4
                  },
                  {
                    "type": "origins:execute_command",
                    "command": "origin set @s origins:titan usernull:random",
                    "permission_level": 4
                  }
                ]
              }
            },
            "weight": 29
          },
          {
            "element": {
              "type": "origins:if_else",
              "condition": {
                "type": "origins:command",
                "command": "scoreboard players get TitanConfig Titan_CanSelectFemale",
                "comparison": "==",
                "compare_to": 1
              },
              "if_action": {
                "type": "origins:execute_command",
                "command": "origin set @s origins:titan usernull:female",
                "permission_level": 4
              },
              "else_action": {
                "type": "origins:and",
                "actions": [
                  {
                    "type": "origins:execute_command",
                    "command": "origin set @s origins:titan origins:human",
                    "permission_level": 4
                  },
                  {
                    "type": "origins:execute_command",
                    "command": "origin set @s origins:titan usernull:random",
                    "permission_level": 4
                  }
                ]
              }
              },
              "weight": 29
          },
          {
            "element": {
              "type": "origins:if_else",
              "condition": {
                "type": "origins:command",
                "command": "scoreboard players get TitanConfig Titan_CanSelectArmor",
                "comparison": "==",
                "compare_to": 1
              },
              "if_action": {
                "type": "origins:execute_command",
                "command": "origin set @s origins:titan usernull:armor",
                "permission_level": 4
              },
              "else_action": {
                "type": "origins:and",
                "actions": [
                  {
                    "type": "origins:execute_command",
                    "command": "origin set @s origins:titan origins:human",
                    "permission_level": 4
                  },
                  {
                    "type": "origins:execute_command",
                    "command": "origin set @s origins:titan usernull:random",
                    "permission_level": 4
                  }
                ]
              }
              },
              "weight": 29
          },
          {
            "element": {
              "type": "origins:if_else",
              "condition": {
                "type": "origins:command",
                "command": "scoreboard players get TitanConfig Titan_CanSelectColossal",
                "comparison": "==",
                "compare_to": 1
              },
              "if_action": {
                "type": "origins:execute_command",
                "command": "origin set @s origins:titan usernull:colossal",
                "permission_level": 4
              },
              "else_action": {
                "type": "origins:and",
                "actions": [
                  {
                    "type": "origins:execute_command",
                    "command": "origin set @s origins:titan origins:human",
                    "permission_level": 4
                  },
                  {
                    "type": "origins:execute_command",
                    "command": "origin set @s origins:titan usernull:random",
                    "permission_level": 4
                  }
                ]
              }
              },
              "weight": 10
          },
          {
            "element": {
              "type": "origins:if_else",
              "condition": {
                "type": "origins:command",
                "command": "scoreboard players get TitanConfig Titan_CanSelectFounding",
                "comparison": "==",
                "compare_to": 1
              },
              "if_action": {
                "type": "origins:execute_command",
                "command": "origin set @s origins:titan usernull:founding",
                "permission_level": 4
              },
              "else_action": {
                "type": "origins:and",
                "actions": [
                  {
                    "type": "origins:execute_command",
                    "command": "origin set @s origins:titan origins:human",
                    "permission_level": 4
                  },
                  {
                    "type": "origins:execute_command",
                    "command": "origin set @s origins:titan usernull:random",
                    "permission_level": 4
                  }
                ]
              }
              },
              "weight": 3
          }
        ]
      },
    "hidden": true
}