{
    "type": "origins:active_self",
    "entity_action": {
        "type": "origins:if_else",
        "condition": {
            "type": "origins:and",
            "conditions": [
                {
                    "type": "origins:relative_health",
                    "comparison": "<",
                    "compare_to": 1,
                    "inverted": true
                },
                {
                    "type": "origins:food_level",
                    "comparison": "==",
                    "compare_to": 20
                }
            ]
        },
        "if_action": {
            "type": "origins:and",
            "actions": [
                {
                    "type": "origins:damage",
                    "amount": 4,
                    "source": {
                        "name": "generic",
                        "bypasses_armor": true,
                        "unblockable": true
                    }
                },
                {    
                    "type": "origins:delay",
                    "ticks": 30,
                    "action": {
                        "type": "origins:and",
                        "actions": [
                            {
                                "type": "origins:execute_command",
                                "command": "function usernull:colossal_nuke",
                                "permission_level": 4
                            },
                            {
                                "type": "origins:change_resource",
                                "resource": "usernull:titan_toggle",
                                "change": 1
                            },
                            {
                                "type": "origins:change_resource",
                                "resource": "usernull:titan_resource",
                                "change": 3001
                            },
                            {
                                "type": "origins:delay",
                                "ticks": 100,
                                "action": {
                                    "type": "origins:play_sound",
                                    "sound": "minecraft:entity.player.breath",
                                    "pitch": 0.1,
                                    "volume": 10
                                }
                            }
                        ]
                    }
                }
            ]
        },
        "else_action": {
            "type": "origins:if_else",
            "condition": {
                "type": "origins:food_level",
                "comparison": "==",
                "compare_to": 20
            },
            "if_action": {
                "type": "origins:delay",
                "ticks": 30,
                "action": {
                    "type": "origins:and",
                    "actions": [
                        {
                            "type": "origins:execute_command",
                            "command": "function usernull:colossal_nuke",
                            "permission_level": 4
                        },
                        {
                            "type": "origins:change_resource",
                            "resource": "usernull:titan_toggle",
                            "change": 1
                        },
                        {
                            "type": "origins:change_resource",
                            "resource": "usernull:titan_resource",
                            "change": 3001
                        },
                        {
                            "type": "origins:delay",
                            "ticks": 400,
                            "action": {
                                "type": "origins:play_sound",
                                "sound": "minecraft:entity.player.breath",
                                "pitch": 0.1,
                                "volume": 10
                            }
                        }
                    ]
                }
            },
            "else_action": {
                "type": "origins:delay",
                "ticks": 5,
                "action": {
                    "type": "origins:execute_command",
                    "command": "function usernull:reset_colossal",
                    "permission_level": 4
                }
            }
        }
    },
	"condition": {
        "type": "origins:and",
        "conditions": [
            {
                "type": "origins:resource",
                "resource": "usernull:titan_shift_colossal",
                "comparison": "==",
                "compare_to": 0
            },
            {
                "type": "origins:command",
                "command": "scoreboard players get TitanConfig Titan_ColossalNuke",
                "comparison": "==",
                "compare_to": 1
            }
        ]
	},
    "cooldown": 12000,
    "hud_render": {
        "should_render": true,
        "sprite_location": "origins:textures/gui/resource_bar.png",
        "bar_index": 7
    },
    "key": {
        "key": "key.origins.secondary_active"
    },
    "name": "Heat Energy",
    "description": "Because this world... is just... that cruel."
}