{
    "type": "origins:multiple",
    "normal": {
        "type": "origins:active_self",
        "entity_action": {
            "type": "origins:if_else",
            "condition": {
                "type": "origins:and",
                "conditions": [
                    {
                        "type": "origins:relative_health",
                        "comparison": "<",
                        "compare_to": 1,
                        "inverted": true
                    },
                    {
                        "type": "origins:food_level",
                        "comparison": "==",
                        "compare_to": 20
                    }
                ]
            },
            "if_action": {
                "type": "origins:and",
                "actions": [
                    {
                        "type": "origins:damage",
                        "amount": 4,
                        "source": {
                            "name": "generic",
                            "bypasses_armor": true,
                            "unblockable": true
                        }
                    },
                    {    
                        "type": "origins:delay",
                        "ticks": 30,
                        "action": {
                            "type": "origins:and",
                            "actions": [
                                {
                                    "type": "origins:execute_command",
                                    "command": "function usernull:strike_founding",
                                    "permission_level": 4
                                },
                                {
                                    "type": "origins:change_resource",
                                    "resource": "usernull:titan_toggle",
                                    "change": 1
                                },
                                {
                                    "type": "origins:change_resource",
                                    "resource": "usernull:titan_resource",
                                    "change": 3001
                                },
                                {
                                    "type": "origins:delay",
                                    "ticks": 100,
                                    "action": {
                                        "type": "origins:play_sound",
                                        "sound": "minecraft:entity.player.breath",
                                        "pitch": 0.2,
                                        "volume": 10
                                    }
                                }
                            ]
                        }
                    }
                ]
            },
            "else_action": {
                "type": "origins:if_else",
                "condition": {
                    "type": "origins:food_level",
                    "comparison": "==",
                    "compare_to": 20
                },
                "if_action": {
                    "type": "origins:delay",
                    "ticks": 30,
                    "action": {
                        "type": "origins:and",
                        "actions": [
                            {
                                "type": "origins:execute_command",
                                "command": "function usernull:strike_founding",
                                "permission_level": 4
                            },
                            {
                                "type": "origins:change_resource",
                                "resource": "usernull:titan_toggle",
                                "change": 1
                            },
                            {
                                "type": "origins:change_resource",
                                "resource": "usernull:titan_resource",
                                "change": 3001
                            },
                            {
                                "type": "origins:delay",
                                "ticks": 400,
                                "action": {
                                    "type": "origins:play_sound",
                                    "sound": "minecraft:entity.player.breath",
                                    "pitch": 0.2,
                                    "volume": 10
                                }
                            }
                        ]
                    }
                },
                "else_action": {
                    "type": "origins:delay",
                    "ticks": 5,
                    "action": {
                        "type": "origins:execute_command",
                        "command": "function usernull:reset_founding",
                        "permission_level": 4
                    }
                }
            }
        },
        "condition": {
            "type": "origins:and",
            "conditions": [
                {
                    "type": "origins:command",
                    "command": "data get entity @s OnGround 1",
                    "comparison": "==",
                    "compare_to": 1
                },
                {
                    "type": "origins:resource",
                    "resource": "usernull:titan_shift_founding_fast",
                    "comparison": "==",
                    "compare_to": 0
                }
            ]
        },
        "cooldown": 6000,
        "hud_render": {
            "should_render": true,
            "sprite_location": "origins:textures/gui/resource_bar.png",
            "bar_index":2
        }
    },
    "fast": {
        "type": "origins:active_self",
        "entity_action": {
            "type": "origins:if_else",
            "condition": {
                "type": "origins:and",
                "conditions": [
                    {
                        "type": "origins:relative_health",
                        "comparison": "<",
                        "compare_to": 1,
                        "inverted": true
                    },
                    {
                        "type": "origins:food_level",
                        "comparison": "==",
                        "compare_to": 20
                    }
                ]
            },
            "if_action": {
                "type": "origins:and",
                "actions": [
                    {
                        "type": "origins:damage",
                        "amount": 4,
                        "source": {
                            "name": "generic",
                            "bypasses_armor": true,
                            "unblockable": true
                        }
                    },
                    {    
                        "type": "origins:delay",
                        "ticks": 6,
                        "action": {
                            "type": "origins:and",
                            "actions": [
                                {
                                    "type": "origins:execute_command",
                                    "command": "function usernull:strike2_founding",
                                    "permission_level": 4
                                },
                                {
                                    "type": "origins:change_resource",
                                    "resource": "usernull:titan_toggle",
                                    "change": 1
                                },
                                {
                                    "type": "origins:change_resource",
                                    "resource": "usernull:titan_resource",
                                    "change": 3001
                                },
                                {
                                    "type": "origins:delay",
                                    "ticks": 100,
                                    "action": {
                                        "type": "origins:play_sound",
                                        "sound": "minecraft:entity.player.breath",
                                        "pitch": 0.2,
                                        "volume": 10
                                    }
                                }
                            ]
                        }
                    }
                ]
            },
            "else_action": {
                "type": "origins:if_else",
                "condition": {
                    "type": "origins:food_level",
                    "comparison": "==",
                    "compare_to": 20
                },
                "if_action": {
                    "type": "origins:delay",
                    "ticks": 6,
                    "action": {
                        "type": "origins:and",
                        "actions": [
                            {
                                "type": "origins:execute_command",
                                "command": "function usernull:strike2_founding",
                                "permission_level": 4
                            },
                            {
                                "type": "origins:change_resource",
                                "resource": "usernull:titan_toggle",
                                "change": 1
                            },
                            {
                                "type": "origins:change_resource",
                                "resource": "usernull:titan_resource",
                                "change": 3001
                            },
                            {
                                "type": "origins:delay",
                                "ticks": 400,
                                "action": {
                                    "type": "origins:play_sound",
                                    "sound": "minecraft:entity.player.breath",
                                    "pitch": 0.2,
                                    "volume": 10
                                }
                            }
                        ]
                    }
                },
                "else_action": {
                    "type": "origins:delay",
                    "ticks": 5,
                    "action": {
                        "type": "origins:execute_command",
                        "command": "function usernull:reset_founding",
                        "permission_level": 4
                    }
                }
            }
        },
        "condition": {
            "type": "origins:and",
            "conditions": [
                {
                    "type": "origins:command",
                    "command": "data get entity @s OnGround 1",
                    "comparison": "==",
                    "compare_to": 0
                },
                {
                    "type": "origins:resource",
                    "resource": "usernull:titan_shift_founding_normal",
                    "comparison": "==",
                    "compare_to": 0
                }
            ]
        },
        "cooldown": 6000,
        "hud_render": {
            "should_render": true,
            "sprite_location": "origins:textures/gui/resource_bar.png",
            "bar_index":2
        }
    },
    "name": "Power of The Titans",
    "description": "You can activate the ability to turn into a 13 meter-tall Titan by toggling your primary key when fully saturated. You may only pilot the Titan for a short time before being ejected. If you are in the air, the transformation will be much faster."
}