{
    "type": "origins:multiple",
    "hidden": true,
    "attack": {
        "type": "origins:action_over_time",
        "interval": 1,
        "condition": {
            "type": "origins:and",
            "conditions": [
                {
                    "type": "origins:origin",
                    "origin": "usernull:attack",
                    "layer": "origins:titan"
                },
                {
                    "type": "origins:command",
                    "command": "scoreboard players get TitanConfig Titan_CanSelectAttack",
                    "comparison": "==",
                    "compare_to": 0
                }
            ]
        },
        "entity_action": {
            "type": "origins:and",
            "actions": [
                {
                    "type": "origins:execute_command",
                    "command": "origin set @s origins:titan origins:empty",
                    "permission_level": 4
                },
                {
                    "type": "origins:execute_command",
                    "command": "/tellraw @s [\"\",{\"text\":\"This titan has been disabled. Press \\\"\",\"color\":\"red\"},{\"keybind\":\"key.origins.view_origin\"},{\"text\":\"\\\" and the right arrow to choose another one.\",\"color\":\"red\"}]",
                    "permission_level": 4
                }
            ]
        }
    },
    "female": {
        "type": "origins:action_over_time",
        "interval": 1,
        "condition": {
            "type": "origins:and",
            "conditions": [
                {
                    "type": "origins:origin",
                    "origin": "usernull:female",
                    "layer": "origins:titan"
                },
                {
                    "type": "origins:command",
                    "command": "scoreboard players get TitanConfig Titan_CanSelectFemale",
                    "comparison": "==",
                    "compare_to": 0
                }
            ]
        },
        "entity_action": {
            "type": "origins:and",
            "actions": [
                {
                    "type": "origins:execute_command",
                    "command": "origin set @s origins:titan origins:empty",
                    "permission_level": 4
                },
                {
                    "type": "origins:execute_command",
                    "command": "/tellraw @s [\"\",{\"text\":\"This titan has been disabled. Press \\\"\",\"color\":\"red\"},{\"keybind\":\"key.origins.view_origin\"},{\"text\":\"\\\" and the right arrow to choose another one.\",\"color\":\"red\"}]",
                    "permission_level": 4
                }
            ]
        }
    },
    "armor": {
        "type": "origins:action_over_time",
        "interval": 1,
        "condition": {
            "type": "origins:and",
            "conditions": [
                {
                    "type": "origins:origin",
                    "origin": "usernull:armor",
                    "layer": "origins:titan"
                },
                {
                    "type": "origins:command",
                    "command": "scoreboard players get TitanConfig Titan_CanSelectArmor",
                    "comparison": "==",
                    "compare_to": 0
                }
            ]
        },
        "entity_action": {
            "type": "origins:and",
            "actions": [
                {
                    "type": "origins:execute_command",
                    "command": "origin set @s origins:titan origins:empty",
                    "permission_level": 4
                },
                {
                    "type": "origins:execute_command",
                    "command": "/tellraw @s [\"\",{\"text\":\"This titan has been disabled. Press \\\"\",\"color\":\"red\"},{\"keybind\":\"key.origins.view_origin\"},{\"text\":\"\\\" and the right arrow to choose another one.\",\"color\":\"red\"}]",
                    "permission_level": 4
                }
            ]
        }
    },
    "colossal": {
        "type": "origins:action_over_time",
        "interval": 1,
        "condition": {
            "type": "origins:and",
            "conditions": [
                {
                    "type": "origins:origin",
                    "origin": "usernull:colossal",
                    "layer": "origins:titan"
                },
                {
                    "type": "origins:command",
                    "command": "scoreboard players get TitanConfig Titan_CanSelectColossal",
                    "comparison": "==",
                    "compare_to": 0
                }
            ]
        },
        "entity_action": {
            "type": "origins:and",
            "actions": [
                {
                    "type": "origins:execute_command",
                    "command": "origin set @s origins:titan origins:empty",
                    "permission_level": 4
                },
                {
                    "type": "origins:execute_command",
                    "command": "/tellraw @s [\"\",{\"text\":\"This titan has been disabled. Press \\\"\",\"color\":\"red\"},{\"keybind\":\"key.origins.view_origin\"},{\"text\":\"\\\" and the right arrow to choose another one.\",\"color\":\"red\"}]",
                    "permission_level": 4
                }
            ]
        }
    },
    "founding": {
        "type": "origins:action_over_time",
        "interval": 1,
        "condition": {
            "type": "origins:and",
            "conditions": [
                {
                    "type": "origins:origin",
                    "origin": "usernull:founding",
                    "layer": "origins:titan"
                },
                {
                    "type": "origins:command",
                    "command": "scoreboard players get TitanConfig Titan_CanSelectFounding",
                    "comparison": "==",
                    "compare_to": 0
                }
            ]
        },
        "entity_action": {
            "type": "origins:and",
            "actions": [
                {
                    "type": "origins:execute_command",
                    "command": "origin set @s origins:titan origins:empty",
                    "permission_level": 4
                },
                {
                    "type": "origins:execute_command",
                    "command": "/tellraw @s [\"\",{\"text\":\"This titan has been disabled. Press \\\"\",\"color\":\"red\"},{\"keybind\":\"key.origins.view_origin\"},{\"text\":\"\\\" and the right arrow to choose another one.\",\"color\":\"red\"}]",
                    "permission_level": 4
                }
            ]
        }
    }
}