{
    "name": "Armor Shed",
    "description": "You can shed some of your armor around your joints to increase mobility, but decrease defense.",
    "type": "origins:active_self",
    "entity_action": {
      "type": "origins:if_else",
       "condition": {
           "type": "origins:resource",
          "resource": "usernull:titan_toggle",
          "comparison": "==",
          "compare_to": 1
      },
        "if_action": {
          "type": "origins:execute_command",
          "command": "function usernull:armor_shed"
            }
        },
    "cooldown": 6000,
    "key": {
        "key": "key.origins.secondary_active"
    },
    "condition": {
		"type": "origins:resource",
		"resource": "usernull:titan_toggle",
		"comparison": "==",
		"compare_to": 1
    },
    "hud_render": {
        "should_render": true,
        "sprite_location": "origins:textures/gui/community/huang/resource_bar_01.png",
        "bar_index": 20
    }
}