{
    "type": "origins:active_self",
	"entity_action":{
		"type": "origins:if_else",
		"condition": {
			"type": "origins:resource",
			"resource": "usernull:titan_toggle",
			"comparison": "==",
			"compare_to": 0
		},
		"if_action": {
			"type": "origins:if_else",
			"condition": {
				"type": "origins:or",
				"conditions": [
					{
						"type": "origins:resource",
						"resource": "usernull:titan_shift_armor_normal",
						"comparison": ">=",
						"compare_to": 2700
					},
					{
						"type": "origins:resource",
						"resource": "usernull:titan_shift_armor_fast",
						"comparison": ">=",
						"compare_to": 2700
					}
				]
			},
			"if_action": {
				"type": "origins:if_else",
				"condition": {
					"type": "origins:sneaking"
				},
				"if_action": {
					"type": "origins:execute_command",
					"command": "function usernull:armorhands"
				},
				"else_action": {
					"type": "origins:execute_command",
					"command": "resource set @s usernull:armor_hands 0"
				}
			}
		}
	},
    "name": "Armored Hands",
	"description": "Shortly after untransforming, you can sneak and press Secondary to slightly transform and create a pair of titan hands around you, serving as a shield.",
    "key": {
        "key": "key.origins.secondary_active"
    },
	"condition": {
		"type": "origins:resource",
		"resource": "usernull:titan_toggle",
		"comparison": "==",
		"compare_to": 0
	},
	"cooldown": 1800,
	"hud_render": {
		"should_render": true,
		"sprite_location": "origins:textures/gui/community/spiderkolo/resource_bar_03.png",
        "bar_index": 22
	}
}