{
    "type": "origins:action_over_time",
    "interval": 20,    
    "entity_action": {
        "type": "origins:execute_command",
        "command": "function usernull:colossal_steam_loop",
        "permission_level": 4
    },
    "condition": {
        "type": "origins:and",
        "conditions": [
        {
            "type": "origins:resource",
            "resource": "usernull:steam_resource",
            "comparison": "!=",
            "compare_to": 0
        },
        {
            "type": "origins:resource",
            "resource": "usernull:titan_toggle",
            "comparison": "==",
            "compare_to": 1
        }
        ]
    },
    "hidden": true
}