{
    "type": "origins:action_over_time",
    "entity_action": {
        "type": "origins:execute_command",
        "command": "function usernull:colossal_break",
        "permission_level": 4
    },
    "interval": 20,
    "condition": {
        "type": "origins:and",
        "conditions": [
            {
                "type": "origins:resource",
                "resource": "usernull:titan_toggle",
                "comparison": "==",
                "compare_to": 1
            },
            {
                "type": "origins:power_active",
                "power": "usernull:colossal_dummy"
            }
        ]
    },
    "name": "A God Of Destruction",
    "description": "When transformed, You can stomp down on the world around you, vaporizing blocks with your extreme heat. Toggle with Load Hotbar Selector."
}