{
    "type": "origins:active_self",
    "entity_action": {
        "type": "origins:execute_command",
        "command": "function usernull:colossal_steam_end",
        "permission_level": 4
    },
    "cooldown": 0,
    "hud_render": {
        "should_render": false
    },
    "condition": {
        "type": "origins:and",
        "conditions": [
        {
            "type": "origins:resource",
            "resource": "usernull:titan_toggle",
            "comparison": "==",
            "compare_to": 1
        },
        {
            "type": "origins:resource",
            "resource": "usernull:steam_resource",
            "comparison": "==",
            "compare_to": 0
        }
    ]
    },
    "key": {
        "key": "key.origins.secondary_active"
    },
    "hidden": true,
    "name": "Right Up To The End",
    "description": "e"
}