{
    "name": "Full Harden",
    "description": "You can harden your hands and kneecaps to increase damage for a short time",
    "type": "origins:action_over_time",
    "interval": 1,
    "entity_action": {
          "type": "origins:execute_command",
          "command": "function usernull:female_harden_loop"
            },
    "condition": {
		  "type": "origins:resource",
	  	"resource": "usernull:female_harden_cooldown",
	  	"comparison": "!=",
	  	"compare_to": 1200
    },

    "hud_render": {
        "should_render": true,
        "sprite_location": "origins:textures/gui/community/spiderkolo/resource_bar_02.png",
        "bar_index": 8
    },
    "hidden": true
}