{
    "type": "origins:active_self",
	"entity_action":{
		"type": "origins:if_else",
		"condition": {
			"type": "origins:resource",
			"resource": "usernull:titan_toggle",
			"comparison": "==",
			"compare_to": 0
		},
		"if_action": {
			"type": "origins:if_else",
			"condition": {
				"type": "origins:or",
				"conditions": [
					{
						"type": "origins:resource",
						"resource": "usernull:titan_shift_female_normal",
						"comparison": ">=",
						"compare_to": 2700
					},
					{
						"type": "origins:resource",
						"resource": "usernull:titan_shift_female_fast",
						"comparison": ">=",
						"compare_to": 2700
					}
				]
			},
					"if_action": {
						"type": "origins:execute_command",
						"command": "function usernull:player_crystal_create"
			}
		}
	},
    "name": "Crystalize",
	"description": "Shortly after untransforming, you can harden your human skin to create an indestructable crystal around you. Sneak to remove the effects and break out.",
    "key": {
        "key": "key.origins.secondary_active"
    },
	"condition": {
		"type": "origins:or",
		"conditions": [
			{
				"type": "origins:resource",
				"resource": "usernull:titan_shift_female_normal",
				"comparison": ">=",
				"compare_to": 2700
			},
			{
				"type": "origins:resource",
				"resource": "usernull:titan_shift_female_fast",
				"comparison": ">=",
				"compare_to": 2700
			}
		]
	},
	"cooldown": 1800,
	"hud_render": {
		"should_render": true,
		"sprite_location": "origins:textures/gui/community/spiderkolo/resource_bar_01.png",
		"bar_index": 4
	}
}