{
  "type": "origins:action_on_callback",
  "entity_action_chosen": {
        "type": "origins:choice",
        "actions": [
          {
            "element": {
              "type": "origins:execute_command",
              "command": "origin set @s origins:titan usernull:attack",
              "permission_level": 4
            },
            "weight": 30
          },
          {
            "element": {
              "type": "origins:execute_command",
              "command": "origin set @s origins:titan usernull:female",
              "permission_level": 4
              },
              "weight": 30
          },
          {
            "element": {
              "type": "origins:execute_command",
              "command": "origin set @s origins:titan usernull:armor",
              "permission_level": 4
              },
              "weight": 30
          },
          {
            "element": {
              "type": "origins:execute_command",
              "command": "origin set @s origins:titan usernull:colossal",
              "permission_level": 4
              },
              "weight": 10
          }
        ]
      },
    "hidden": true
}