{
    "type": "origins:active_self",
    "entity_action": {
        "type": "origins:if_else",
        "condition": {
            "type": "origins:resource",
            "resource": "usernull:titan_toggle",
            "comparison": "==",
            "compare_to": 1
        },
        "if_action": {
            "type": "origins:and",
            "actions": [
                {
                    "type": "origins:change_resource",
                    "resource": "usernull:titan_toggle",
                    "change": -1
                },
                {
                    "type": "origins:execute_command",
                    "command": "function usernull:crystal",
                    "permission_level": 4
                },
                {
                    "type": "origins:execute_command",
                    "command": "function usernull:emerge2",
                    "permission_level": 4
                },
                {
                    "type": "origins:delay",
                    "ticks": 10,
                    "action": {
                        "type": "origins:execute_command",
                        "command": "tp @s ~ ~10 ~-2 0 0",
                        "permission_level": 4
                    }
                },
                {
                    "type": "origins:delay",
                    "ticks": 11,
                    "action": {
                        "type": "origins:execute_command",
                        "command": "fill ^ ^ ^ ^ ^1 ^-4 minecraft:air",
                        "permission_level": 4
                    }
                }
            ]
        },
        "else_action": {
            "type": "origins:damage",
            "amount": 0,
            "source": {
                "name": "generic",
                "bypasses_armor": true,
                "unblockable": true
            }
        }
    },
    "key": "secondary",
    "cooldown": 0,
    "hud_render": {
        "should_render": false
    },
    "name": "Crystal Hardening",
    "description": "Harden your titan body as you eject with your Secondary Key, leaving behind a permanent crystalline shell."
}