{
  "type": "origins:conditioned_restrict_armor",
  "head": {
    "type": "origins:armor_value",
    "comparison": ">",
    "compare_to": 0
  },
  "chest": {
    "type": "origins:armor_value",
    "comparison": ">",
    "compare_to": 0
  },
  "legs": {
    "type": "origins:armor_value",
    "comparison": ">",
    "compare_to": 0
  },
  "feet": {
    "type": "origins:armor_value",
    "comparison": ">",
    "compare_to": 0
  },
  "condition": {
    "type": "origins:resource",
    "resource": "usernull:titan_toggle",
    "comparison": "==",
    "compare_to": 1
  },
  "tick_rate": 10,
  "name": "Massive Body",
  "description": "You are unable to equip armor or shields when transformed."
}