{
    "type": "origins:action_over_time",
    "entity_action": {
        "type": "origins:delay",
        "ticks": 1,
        "action": {
            "type": "origins:if_else",
            "condition": {
                "type": "origins:resource",
                "resource": "usernull:titan_toggle",
                "comparison": "==",
                "compare_to": 1
            },
            "if_action": {
                "type": "origins:and",
                "actions": [
                    {
                        "type": "origins:execute_command",
                        "command": "function usernull:emerge_colossal",
                        "permission_level": 4
                    },
                    {
                        "type": "origins:delay",
                        "ticks": 1,
                        "action": {
                            "type": "origins:change_resource",
                            "resource": "usernull:titan_toggle",
                            "change": -1
                        }
                    }
                ]
            },
            "else_action": {
                "type": "origins:heal",
                "amount": 0
            }
        }
    },
    "interval": 20,
    "condition": {
        "type": "origins:resource",
        "resource": "usernull:titan_resource",
        "comparison": "==",
        "compare_to": 0
    },
    "name": "Skeletal Remains",
    "description": "As you emerge from your spent Titan Body, you leave behind a massive skeleton of your former self."
}





    