{
  "generator": {
    "type": "minecraft:noise",
    "seed": -6972066749410163671,
    "biome_source": {
      "type": "minecraft:fixed",
      "seed": -6972066749410163671,
      "biome": "usernull:the_path"
    },
    "settings": {
      "bedrock_floor_position": 0,
      "sea_level": 63,
      "disable_mob_generation": true,
      "noise_caves_enabled": false,
      "noodle_caves_enabled": false,
      "aquifers_enabled": false,
      "ore_veins_enabled": false,
      "legacy_random_source": false,
      "default_block": {
        "Name": "minecraft:sand"
      },
      "default_fluid": {
          "Name": "minecraft:water"
      },
      "noise": {
        "min_y": 0,
        "height": 384,
        "size_horizontal": 1,
        "size_vertical": 2,
        "density_factor": 1,
        "density_offset": -0.46875,
        "random_density_offset": true,
        "simplex_surface_noise": true,
        "island_noise_override": false,
        "sampling": {
          "xz_scale": 0.9999999814507745,
          "y_scale": 0.9999999814507745,
          "xz_factor": 80,
          "y_factor": 160
        },
        "bottom_slide": {
          "target": -30,
          "size": 0,
          "offset": 0
        },
        "top_slide": {
          "target": -10,
          "size": 3,
          "offset": 0
        },
        "terrain_shaper": {
          "offset": 0,
          "factor": 0,
          "jaggedness": 0
        }
      },
      "surface_rule": {
        "type": "minecraft:sequence",
        "sequence": []
      },
      "structures": {
        "structures": {}
      }
    }  
  },
  "type": "usernull:the_path"
}